epoch,train_loss,train_bs,train_cloc,train_beta,train_dice,train_precision,train_recall,train_hd95,train_assd,train_ipe,train_mem,val_loss,val_bs,val_cloc,val_dice,val_precision,val_recall,val_hd95,val_assd,val_ipe,val_mem
1,0.2492688062068607,0.2609093338251114,0.24150846898555756,0.006666666666666667,52.40049107142857,59.517008928571435,59.68714285714287,146.580625,39.52370535714286,0.3078874913709504,10.865014633962087,0.3065912557455401,0.21344589814543724,0.3686881586909294,54.51722222222223,43.48166666666667,91.42555555555556,175.95888888888888,58.07444444444445,1.7036890453762479,6.418898741404216
2,0.16515154734120838,0.16752329096198082,0.1635703705251217,0.013333333333333334,65.12589285714286,69.72299107142857,69.4585267857143,112.91223214285714,29.764241071428575,0.12095105541603907,10.396286947386606,0.16900600803395113,0.18723435327410698,0.15685376897454262,61.77,73.49361111111112,60.31527777777779,102.89083333333333,27.77111111111111,0.046486748589409724,2.806817770004272
3,0.12743777847416432,0.12342523597180843,0.1301128026098013,0.020000000000000004,71.76580357142856,74.6275892857143,75.6165625,97.3316964285714,25.63705357142857,0.09955559564488276,10.396426051855086,0.11008026026603249,0.1273297369480133,0.09858059696853161,73.97972222222221,76.5375,76.19166666666666,70.92555555555555,19.203333333333337,0.04726860920588175,2.806069890658061
4,0.10984886393167212,0.11056014150381088,0.10937467403709888,0.02666666666666667,75.15566964285713,78.7158482142857,76.73799107142858,90.30955357142858,22.87651785714286,0.10095205157995224,10.396860714469637,0.1506684087216854,0.1790598537772894,0.13174077309668064,65.53083333333333,76.38944444444445,62.461111111111116,96.60583333333335,26.348055555555554,0.045777340730031334,2.80648402372996
5,0.10119385994039476,0.09668974578380585,0.10419660247862339,0.03333333333333333,76.86705357142857,79.65044642857144,79.19513392857144,84.79299107142857,21.390267857142856,0.09668165338890893,10.397113851138524,0.14253828095065224,0.15542196668684483,0.1339491568505764,67.15361111111112,78.32194444444444,65.34972222222223,102.00361111111111,25.754722222222224,0.04673982328838772,2.806687302059597
6,0.0988306609963599,0.09260240383446217,0.10298283770680428,0.04000000000000001,77.73151785714285,80.50991071428572,80.39875,82.23441964285715,20.905535714285712,0.10362844062702996,10.39636704325676,0.2088073677279883,0.26661205664277077,0.1702709160745144,58.00083333333333,72.97472222222223,53.11638888888889,108.8761111111111,32.10027777777778,0.04707827170689901,2.8062535656823053
7,0.09041761540408644,0.08586325496435165,0.09345386177301407,0.04666666666666667,79.21258928571429,81.65343750000001,81.0924107142857,85.91321428571428,20.189598214285716,0.11252750349896294,10.396895727940969,0.1116389780719247,0.11145725101232529,0.11176012270152569,76.2475,72.99111111111111,87.2461111111111,94.30055555555556,22.814722222222223,0.04719787173800998,2.8060638904571533
8,0.08654702597829914,0.08401251398026943,0.08823669888079166,0.05333333333333334,80.13571428571429,82.32080357142856,82.28986607142856,78.92004464285715,18.871250000000003,0.10418032216174261,10.396784322602409,0.08574788531081545,0.08429025486111641,0.08671963773667812,80.86444444444444,85.40083333333332,80.53500000000001,76.8086111111111,18.674444444444443,0.04702353477478027,2.8065818945566816
9,0.07638793528063356,0.07154481299221516,0.07961669377982616,0.06,82.85714285714285,84.88808035714287,84.47214285714286,74.50825892857145,16.960714285714282,0.11213574558496475,10.396494252341135,0.13135007784391445,0.13356827944517136,0.12987126782536507,73.7161111111111,83.515,71.08416666666668,79.60222222222221,19.405,0.04619068569607205,2.8065445158216686
10,0.07902575042265068,0.0713405404239893,0.08414922654628754,0.06666666666666667,82.24428571428572,84.61419642857143,83.40200892857145,76.80276785714287,17.899464285714284,0.11540218442678452,10.397185334137507,0.12063300419443598,0.12091260962188244,0.12044658698141575,75.94305555555556,90.495,70.84555555555555,66.28305555555555,18.019444444444442,0.04696910911136203,2.806170741717021
11,0.06723263338374506,0.061615499667823315,0.07097738794982433,0.07333333333333333,85.0678125,86.84370535714285,86.50410714285717,73.27160714285715,16.00477678571429,0.11073265756879534,10.396380594798497,0.18715109831343096,0.2118680626153946,0.17067312076687813,64.2238888888889,81.88166666666666,58.94777777777777,83.32777777777778,22.9725,0.04602895842658149,2.8063824706607394
12,0.0586294858076144,0.052313859574496746,0.06283990666270256,0.08000000000000002,87.00343749999999,88.98441964285713,87.53745535714285,67.9422767857143,14.244375000000003,0.10885010872568403,10.397091997521265,0.11159107960864073,0.10256554558873177,0.1176080983132124,76.5,89.49527777777779,70.91333333333333,74.44972222222222,17.518888888888892,0.04757877190907796,2.8061916563245988
13,0.06303512862567523,0.05618936847895384,0.0675989706069231,0.08666666666666667,86.17535714285715,88.09553571428572,87.14133928571428,69.42392857142859,14.881875,0.10811614351613182,10.39711457490921,0.17732720459914872,0.1868680976331234,0.1709666009992361,65.46,91.05972222222223,57.52722222222222,81.99833333333333,25.0125,0.04728297392527262,2.8062120543585882
14,0.06226052933405819,0.055385383777320385,0.06684396974742413,0.09333333333333334,86.27241071428571,87.8027232142857,87.70263392857143,72.81959821428569,15.2890625,0.10654333872454508,10.396986237594058,0.11202846188098192,0.11509145610034466,0.10998646356165409,76.57083333333334,90.24138888888889,70.50555555555556,68.34305555555555,17.349722222222223,0.047163175212012395,2.806326150894165
15,0.053824313230247105,0.048928720876574516,0.057088036090135574,0.1,88.1110267857143,89.57553571428573,89.15741071428569,65.13044642857142,13.577276785714282,0.1145469376019069,10.397378014666693,0.04560514824050996,0.042413105722516775,0.04773317277431488,89.25361111111111,89.88749999999999,90.88694444444444,51.915277777777774,11.125277777777779,0.04642620351579454,2.8066312074661255
16,0.045730926241958514,0.04206125158816576,0.04817738104611635,0.10666666666666667,90.09299107142857,91.44308035714286,90.82504464285714,60.58388392857144,12.018214285714286,0.116212717124394,10.39654758146831,0.05017257479226424,0.04824306769296527,0.051458909176290035,89.16805555555555,88.58722222222222,93.52527777777776,64.29611111111112,13.754999999999999,0.046288278367784284,2.806285990609063
17,0.045241396924081655,0.040007918141782284,0.04873037990182638,0.11333333333333334,90.22906250000001,91.50669642857144,90.84517857142856,57.20683035714285,11.659464285714286,0.11083018141133445,10.396460388387954,0.04560506681445986,0.045408583246171474,0.04573605488985777,89.02444444444444,87.6863888888889,93.30083333333334,55.82611111111111,12.044166666666666,0.046810534265306264,2.8066293133629694
18,0.04994047745380418,0.044013374485075474,0.053891876712441444,0.12,89.2222767857143,90.40964285714284,90.36187499999998,61.642366071428576,12.726607142857143,0.11072177652801786,10.396970225231987,0.05051613366231322,0.04389561992138624,0.05492980685085058,88.91027777777778,90.20555555555556,89.70916666666666,70.73583333333333,14.333333333333334,0.0472837487856547,2.8060852951473656
19,0.04755946006376429,0.04186407383531332,0.051356381736695766,0.12666666666666668,89.8857142857143,91.11374999999998,90.73763392857143,60.198883928571405,12.017008928571428,0.10688920106206622,10.396535043205533,0.036331874758212104,0.035690837539732456,0.03675923449918628,91.04777777777778,91.12166666666667,92.55333333333334,38.00666666666666,9.006111111111112,0.04761542876561482,2.8061955504947234
20,0.045762622735180364,0.04289037548005581,0.047677453607320786,0.13333333333333333,90.13455357142855,91.30821428571429,91.3196875,60.703616071428556,12.421071428571429,0.1198139488697052,10.396534502506256,0.0441637743755968,0.04075532732531428,0.046436069533228874,89.77083333333333,86.88472222222221,95.25111111111113,58.363055555555555,12.891111111111112,0.046142763561672635,2.8058873547448053
21,0.043947214302274266,0.03710711840540171,0.04850728437304497,0.13999999999999999,91.06647321428574,92.30973214285713,91.73620535714285,52.8409375,10.957901785714284,0.10560080728360585,10.396575157131467,0.26112147586213214,0.32565610110759735,0.21809838339686394,51.24472222222222,81.40694444444445,43.373888888888885,99.9575,28.05638888888889,0.04634975724750095,2.8064738512039185
22,0.038964753987134566,0.03787077125161886,0.03969407733529806,0.14666666666666667,91.67133928571428,92.83821428571426,92.44647321428573,53.23616071428571,10.322098214285713,0.10892986931971141,10.396661473172053,0.03697698408116897,0.036056144163012505,0.03759087808430195,91.26861111111113,92.17722222222223,91.17805555555555,56.47055555555556,10.332777777777778,0.046025991439819336,2.806008802519904
23,0.041215580622000356,0.03864037850871682,0.042932383716106415,0.15333333333333335,91.1458482142857,92.2408482142857,91.98116071428572,54.349999999999994,10.563214285714285,0.11654370171683176,10.396584685359683,0.15233547262485242,0.15134344063699245,0.15299682691693306,70.12722222222222,90.41722222222222,62.99111111111111,78.77444444444444,20.67416666666667,0.04730705420176188,2.8068941831588745
24,0.03683731460270272,0.031156279146671295,0.040624672546982765,0.16000000000000003,92.30281249999999,93.0809375,92.98834821428572,53.84486607142858,10.503348214285714,0.11035936751535962,10.396891487496239,0.03155357629293576,0.030111366417258978,0.032515048049390316,92.75472222222223,94.80194444444443,91.46888888888888,35.27027777777778,7.6211111111111105,0.04584423700968424,2.8064330418904624
25,0.03414673493950562,0.031511987559497356,0.03590323589742184,0.16666666666666669,92.77392857142856,93.39125,93.58214285714286,50.99151785714286,9.732455357142857,0.10304695261376245,10.396785714796613,0.0903658440284845,0.08693102560937405,0.0926557183265686,81.85194444444444,92.7863888888889,77.29,57.17972222222222,14.385833333333334,0.04623699850506252,2.806608345773485
26,0.031571322694487335,0.02740513952448964,0.03434878261759877,0.17333333333333334,93.425,94.14723214285716,93.9310267857143,46.35553571428572,9.087098214285714,0.10222916092191424,10.396963847534996,0.03180944328455047,0.03350922279059887,0.030676256399601698,92.4088888888889,91.515,94.63888888888889,41.189166666666665,8.622777777777777,0.04585668113496569,2.806017478307088
27,0.029241895253237872,0.026547693647444248,0.03103803191334009,0.18000000000000002,93.77165178571428,94.32258928571429,94.30008928571428,43.72160714285714,8.532544642857143,0.10243092370884758,10.397107154130936,0.03372169423124029,0.0318800350651145,0.03494946705177426,92.18555555555557,93.83583333333334,91.55888888888889,33.92583333333334,8.445277777777777,0.04674349228541056,2.806095494164361
28,0.03386632907495368,0.03150502638891339,0.035440532956272364,0.18666666666666668,93.00066964285716,93.78678571428571,93.80866071428572,48.693080357142854,9.465267857142857,0.1057902148791722,10.396741679736547,0.028306189135441348,0.029047171119600534,0.02781220106408,93.45555555555556,91.67750000000001,96.53833333333331,48.889444444444436,8.990833333333331,0.04681369331147936,2.806993299060397
29,0.031238893940878497,0.028906908351927996,0.03279355075210333,0.19333333333333336,93.55986607142857,94.09464285714284,94.46366071428571,48.09290178571429,9.200758928571428,0.10387066113097326,10.397308485848562,0.02502441790420562,0.02506657922640443,0.02499630907550454,94.25277777777777,94.52805555555555,94.38694444444442,37.411944444444444,7.3375,0.046944969230228,2.8062120543585887
30,0.02838410758912297,0.02548748394474387,0.030315188691020012,0.2,94.24964285714286,94.94263392857144,94.69450892857142,43.279866071428565,8.307232142857142,0.10333508572408132,10.39741233416966,0.022985272924415767,0.023263682378455997,0.022799666970968246,94.68555555555555,93.41277777777776,96.5986111111111,48.23361111111111,8.962777777777777,0.04620613654454549,2.8063971201578775
31,0.03358784107591159,0.030904047656804323,0.03537704050540924,0.2,92.9438392857143,93.9192857142857,93.49839285714286,49.926785714285714,9.4246875,0.10711672902107239,10.396689589534487,0.03015003355944322,0.029860989190638065,0.030342728830873966,92.82444444444445,92.8338888888889,94.07,33.924166666666665,7.798055555555554,0.0465588370958964,2.8062402672237816
32,0.027434028780719797,0.027220321353524923,0.02757649915292859,0.2,94.23991071428571,94.82986607142858,94.89334821428571,41.29571428571427,7.788794642857143,0.0999407810824258,10.39686661532947,0.03223226287971354,0.027220768854022026,0.0355732599273324,93.15333333333334,95.4538888888889,91.70027777777779,30.538055555555555,7.390833333333333,0.04575627379947239,2.8059484428829617
33,0.03007246697753934,0.028385087847709656,0.03119738819077611,0.2,93.80303571428571,94.34852678571428,94.7372767857143,45.15080357142857,8.584151785714287,0.10200457062040057,10.397056579589846,0.03979457120618059,0.040091592352837324,0.0395965538918972,90.90249999999999,89.7686111111111,94.98027777777776,78.33166666666666,15.770000000000001,0.0468398928642273,2.8065114551120334
34,0.028246789979415814,0.025098538026213646,0.030345626175403595,0.2,94.4411607142857,94.85486607142859,95.27232142857142,42.027499999999996,7.93263392857143,0.10061520763805934,10.396870298045023,0.028254644790043436,0.02680215146392584,0.029222973622381687,93.48083333333334,94.60694444444445,93.08444444444444,33.00194444444445,6.715,0.04705917835235596,2.8063331577512955
35,0.02159721622384885,0.02103556925430894,0.02197164762765169,0.2,95.64138392857143,95.95004464285714,96.14575892857142,37.38107142857143,6.527857142857141,0.09912367165088654,10.396434447595052,0.022005979547328833,0.023199525428935885,0.021210283041000366,94.79166666666666,93.88083333333333,96.85972222222222,42.82555555555557,8.148611111111112,0.04683305157555474,2.806410762998793
36,0.02191549437910518,0.021247887052595615,0.022360567934811115,0.2,95.45526785714284,95.86526785714284,95.92160714285714,40.1815625,7.057053571428573,0.09968394786119461,10.396198570728302,0.017824884491144784,0.01884880638681352,0.017142269061878324,95.95194444444445,95.79305555555555,96.58638888888889,38.99111111111111,6.251944444444445,0.04692106776767307,2.805850028991699
37,0.021827985278962708,0.01950965914875269,0.023373540490865707,0.2,95.6102232142857,95.87062500000002,96.16428571428573,39.139241071428565,7.050446428571429,0.0982296605195318,10.396207290036338,0.01661426004850202,0.01807627477683127,0.015639583114534616,96.06861111111111,96.05499999999999,96.41722222222222,25.941388888888888,5.127777777777778,0.046595844957563616,2.806091017193264
38,0.022148390568742928,0.020835953298956156,0.02302335062995553,0.2,95.49790178571429,95.9544642857143,95.96540178571428,37.859107142857134,6.704196428571429,0.10280901512929372,10.396211649690356,0.018915899912826717,0.019801315618678927,0.018325621727854013,95.77083333333333,94.82916666666668,97.42166666666667,28.146111111111118,5.7427777777777775,0.047532750500573054,2.806791808870104
39,0.021295341253530102,0.019067591056227684,0.022780507802963257,0.2,95.80763392857142,96.07415178571428,96.35000000000001,34.747589285714284,6.4662500000000005,0.09691100035394941,10.396862557956151,0.025030297660527542,0.02316232118755579,0.026275614742189646,94.71249999999999,96.46944444444443,94.05944444444445,27.2725,5.970555555555556,0.046149750550587974,2.8065797090530396
40,0.01652610028187545,0.01688408968038857,0.01628744089975953,0.2,96.486875,96.70651785714286,96.83874999999999,32.198928571428574,5.49875,0.09431258589029312,10.39688435622624,0.017827746626507077,0.01695994916372001,0.018406277522444725,96.25222222222222,96.83194444444445,96.00666666666667,43.25416666666667,6.9333333333333345,0.04628543721304999,2.806240439414978
41,0.018950569624264193,0.019447989761829376,0.018618955742567778,0.2,96.11986607142858,96.35883928571425,96.79156249999998,33.995714285714286,6.076339285714285,0.09800279459783008,10.39621366773333,0.02286179798344771,0.023549001198261976,0.022403661161661148,94.65583333333333,95.80055555555555,94.08166666666666,39.305,7.749722222222221,0.047942141691843666,2.806945509380764
42,0.015659709692824566,0.015640081837773323,0.015672797337174416,0.2,96.72848214285716,96.97187500000001,97.08687499999999,32.03294642857143,5.443928571428572,0.09473979792424611,10.396873048373632,0.014187528027428523,0.01512325624935329,0.013563709333539009,96.7261111111111,95.39722222222221,98.53249999999998,31.019166666666667,5.711666666666666,0.04642624325222439,2.8065090444352894
43,0.020045483294649915,0.01876831497065723,0.020896929781883955,0.2,95.95553571428573,96.17151785714285,96.55169642857142,37.42522321428571,6.517276785714286,0.09767458587884903,10.39654376251357,0.016625419543642137,0.015578165650367737,0.017323588021099567,96.54249999999999,97.92444444444445,95.49722222222222,23.930277777777775,4.905555555555555,0.04631829261779785,2.806352800793118
44,0.017151083051950473,0.016758655197918415,0.0174127034842968,0.2,96.5083482142857,96.91151785714285,96.81361607142856,33.16799107142857,5.741830357142858,0.0904121207339423,10.396631679364614,0.011087585606017253,0.012411778094246984,0.010204790160059929,97.49194444444444,97.44388888888888,97.70722222222223,24.451111111111107,4.694999999999999,0.04674333996242947,2.8063689602745905
45,0.015821749496223805,0.01506126020103693,0.016328742261976004,0.2,96.84330357142858,97.19089285714287,97.1075,32.740669642857135,5.4940625,0.09662416470902306,10.396320100341525,0.01044705624291156,0.011499286629259586,0.009745568735525012,97.64472222222223,97.39638888888888,98.04694444444445,19.58638888888889,3.9677777777777776,0.0483505924542745,2.8063557677798796
46,0.012760998187461934,0.013079755706712604,0.012548493221402168,0.2,97.4596875,97.49977678571429,97.90517857142858,31.53964285714286,5.168169642857142,0.09366969764232635,10.39711075595447,0.011815749170232771,0.012401368468999863,0.01142533530946821,97.47777777777776,97.73277777777777,97.42944444444444,30.2575,5.088333333333333,0.046225263012780085,2.8062887456681995
47,0.014946873861065666,0.014762237435206771,0.015069964108988643,0.2,97.12129464285715,97.25651785714285,97.66375000000002,27.801116071428574,4.9271875000000005,0.0970952393753188,10.396417332547053,0.01574201230606478,0.015473422827199101,0.01592107256874442,96.67083333333333,95.40388888888889,98.36944444444444,32.12555555555556,6.166666666666667,0.04707884126239353,2.8058229022555885
48,0.014462830453079993,0.014572564279660583,0.014389675110578537,0.2,97.16325892857142,97.30276785714284,97.60169642857144,31.374062499999997,5.173125,0.09701700402157647,10.396837719849177,0.010126943803495832,0.010919909458607435,0.009598299860954285,97.7863888888889,98.0611111111111,97.7,26.383333333333333,5.113611111111111,0.047115961710611984,2.806301514307658
49,0.011513093321160081,0.01173280249349773,0.01136662159115076,0.2,97.63767857142857,97.82683035714285,97.85084821428572,24.297991071428573,4.383214285714287,0.08921081253460475,10.397271245718002,0.008950376427189136,0.01032439828850329,0.008034362108446658,98.02777777777777,97.55194444444444,98.7822222222222,24.607222222222223,4.413611111111111,0.04714825418260363,2.806333992216322
50,0.012669915885323593,0.013031959533691406,0.012428553774952888,0.2,97.59191964285714,97.62741071428573,98.13102678571431,28.144732142857144,4.637321428571429,0.09309008291789463,10.397130693708148,0.010487373096920136,0.011929965345188975,0.009525644243694842,97.55222222222221,96.79166666666666,98.52055555555555,37.77583333333333,5.601944444444445,0.046491907702551946,2.8063940736982556
51,0.010862837821020679,0.010662471409887075,0.010996416443958879,0.2,97.81696428571428,97.9525446428571,97.97236607142857,24.119464285714287,4.1492410714285715,0.09053633149181094,10.396858134440013,0.013346037122472707,0.01396447280421853,0.012933746911585331,97.17,97.01361111111112,97.77416666666667,24.828055555555558,4.511666666666667,0.046631594498952225,2.8058229022555885
52,0.011298225672882316,0.011084508616477251,0.011440703412517905,0.2,97.8434375,98.0090625,98.02258928571428,24.275267857142854,4.0963392857142855,0.09139859569924219,10.396964545760836,0.01094803419093498,0.011234838282689452,0.01075683138333261,97.65472222222223,97.35027777777778,98.29888888888888,22.483055555555556,4.045555555555556,0.04680720302793715,2.806366946962145
53,0.009417897170351353,0.010016539948992431,0.009018802549690008,0.2,98.16495535714287,98.24857142857142,98.43308035714284,20.399196428571425,3.4810714285714286,0.08766295335122518,10.397095816476003,0.007937342432948451,0.009063899633474648,0.007186304312199354,98.28611111111113,98.56861111111111,98.09083333333334,19.40361111111111,3.2688888888888887,0.046071509520212814,2.806321435504489
54,0.012286671733038799,0.014432651456445456,0.010856019565835595,0.2,97.69508928571429,97.70124999999997,98.42325892857143,23.203125,3.7350446428571433,0.09127508742468697,10.396975845098495,0.009663927905623697,0.010851923376321793,0.008871930767782032,97.80361111111112,97.18583333333333,98.61944444444444,32.81944444444444,5.141666666666667,0.04679294427235921,2.806126991907756
55,0.012876766866871288,0.013810011092573404,0.012254604371264577,0.2,97.68129464285713,97.87790178571429,98.1759375,23.369955357142857,3.9865625,0.08925930197749819,10.396431888852801,0.010707951189639669,0.01110195298679173,0.010445282910950482,97.73305555555557,98.51916666666666,97.08250000000001,22.579722222222223,3.903888888888889,0.04578738080130683,2.8060523933834505
56,0.011737019449875725,0.012249419931322336,0.01139541994780302,0.2,97.79245535714288,97.89928571428572,98.22325892857141,22.488348214285715,3.7902232142857137,0.09019700012036733,10.396757385560445,0.011576885270187631,0.011947265826165676,0.011329964268952608,97.5688888888889,98.11222222222224,97.17388888888888,17.692499999999995,3.4499999999999997,0.04641334215799967,2.8063858350118003
57,0.010567252381796217,0.010166275082156062,0.0108345712069422,0.2,97.9004910714286,98.04941964285715,97.9669642857143,24.032857142857143,4.1562946428571435,0.08854153113705772,10.397142052650453,0.011227547993055649,0.0121114831417799,0.010638257255777717,97.62305555555557,96.75083333333333,98.79416666666667,26.466944444444444,5.232777777777778,0.04659066597620646,2.8064639038509793
58,0.00924622305891327,0.009909611660987139,0.008803964126855135,0.2,98.20549107142855,98.29473214285713,98.42647321428572,21.625,3.5667857142857144,0.08804466362510407,10.39715622152601,0.021463162420938414,0.019720278214663267,0.02262508450075984,95.685,96.84388888888888,95.16333333333333,39.49055555555556,7.126388888888888,0.045841243531968855,2.806177218755086
59,0.010897030342935717,0.010740582598373294,0.011001328006386757,0.2,97.89723214285715,98.00825892857142,98.19348214285714,22.311249999999998,3.8645535714285715,0.09342223831585475,10.39654376251357,0.018131646748063054,0.017411993583664298,0.018611414590850472,96.18083333333334,96.94833333333334,95.73916666666668,32.986666666666665,6.138611111111111,0.04627074135674371,2.806231737136841
60,0.009398592629752654,0.010978998150676489,0.008344988338649273,0.2,98.19883928571426,98.29624999999999,98.5772767857143,18.613392857142856,3.1218303571428567,0.08925590025527136,10.396783781903132,0.007515935612092209,0.008489888277836144,0.006866633950266987,98.36611111111111,98.22916666666667,98.67222222222223,18.120555555555555,3.147777777777778,0.046292510297563344,2.80587715572781
61,0.008698235981033316,0.00979321333579719,0.00796825170982629,0.2,98.35825892857143,98.43611607142856,98.62602678571429,16.731607142857143,3.1144196428571425,0.08696592812027251,10.396796860865184,0.006633818831889787,0.008078193408437073,0.005670902319252491,98.52055555555555,98.45916666666668,98.69805555555556,20.852222222222224,3.395277777777778,0.04584203163782756,2.8064073191748724
62,0.007425260951484753,0.008947562426328659,0.006410394445993006,0.2,98.51419642857142,98.52531249999998,98.79303571428571,18.845357142857143,2.9082142857142856,0.08892532118729182,10.396875875336782,0.006781560646939195,0.008156811585649848,0.00586472632130608,98.5088888888889,98.34416666666667,98.86444444444444,19.282222222222224,3.229444444444445,0.04618513584136963,2.8061066998375788
63,0.008741807879622294,0.010845225886441767,0.007339530158787966,0.2,98.40575892857143,98.50312500000001,98.86870535714286,13.996116071428569,2.3590625000000003,0.08716710337570735,10.397144168615341,0.006780223691344468,0.008176701958291233,0.005849237611982971,98.51444444444444,98.53277777777777,98.61972222222222,13.497499999999999,2.8,0.045726531081729464,2.805870427025689
64,0.009145567262748955,0.009951012209057808,0.008608605246990919,0.2,98.26174107142857,98.33004464285716,98.57517857142855,19.828348214285718,3.3296428571428565,0.09061290323734283,10.396768518856593,0.008256775061858611,0.009141001501120627,0.007667290396057069,98.22444444444444,98.065,98.54972222222223,21.620833333333334,3.930277777777778,0.046013494332631424,2.805914481480916
65,0.007142996015318204,0.007892360677942634,0.006643419968895614,0.2,98.63638392857143,98.65625,98.8109375,17.168035714285715,2.866696428571429,0.08550591447523662,10.396855056285858,0.007329106631611164,0.008294454077258706,0.006685541593469679,98.4113888888889,98.0186111111111,99.00527777777779,22.630000000000003,3.8511111111111105,0.04645211166805691,2.8063689602745905
66,0.006672947299063837,0.007465991424396634,0.006144251092337072,0.2,98.74316964285714,98.78816964285716,98.8980357142857,15.720401785714285,2.681964285714286,0.08571687979357583,10.397059487445015,0.007229053412124307,0.008219382725656033,0.006568833254277706,98.41833333333334,97.9713888888889,99.10499999999999,16.544166666666666,3.2894444444444444,0.046735909250047475,2.8060524463653564
67,0.00833786710999058,0.01006941159721464,0.007183505222201347,0.2,98.4374107142857,98.47727678571428,98.886875,14.057276785714288,2.5641964285714285,0.09078053065708706,10.397148132324219,0.005761545238783582,0.007285710773430765,0.004745434678625315,98.69944444444444,98.6738888888889,98.86444444444444,16.56833333333333,3.0124999999999997,0.04607107241948445,2.8063689602745905
68,0.009044576655599355,0.01142805558629334,0.007455589948222041,0.2,98.31071428571427,98.40598214285716,98.82258928571429,13.057008928571427,2.3568750000000005,0.0918864171419825,10.396434230463846,0.008411866043590836,0.008742953068576753,0.00819114176556468,98.27583333333334,98.36666666666666,98.33861111111112,19.708611111111114,3.393333333333334,0.04728078842163086,2.8058635923597546
69,0.007412954457582341,0.008512617903761566,0.006679846090264618,0.2,98.64035714285714,98.73120535714287,98.87482142857142,14.437500000000004,2.592455357142857,0.08511382873569216,10.397124141454697,0.00618550995649356,0.007569049368612468,0.005263150262180716,98.62916666666666,98.44277777777776,98.9561111111111,20.738055555555555,3.4513888888888884,0.04675890339745415,2.8066243330637612
70,0.006118445342768349,0.0070550484815612435,0.00549404276534915,0.2,98.8345982142857,98.90718749999999,98.98473214285715,13.751071428571429,2.2053125,0.08523478358983995,10.396874793938228,0.007759032091901948,0.008871751953847706,0.0070172183914110065,98.28666666666666,97.83,98.9661111111111,31.631666666666668,4.795555555555556,0.046794354915618896,2.8060829374525285
71,0.006087176545406692,0.007500254199840128,0.005145125091075897,0.2,98.89026785714287,98.95066964285712,99.08111607142855,10.639866071428571,1.9242410714285714,0.08893697602408272,10.396760846887316,0.006315838665209917,0.007475106278434396,0.005542993312701583,98.62416666666667,98.64055555555555,98.7772222222222,14.536666666666665,2.765277777777778,0.04612059063381619,2.806058512793647
72,0.00823257642956118,0.010527018457651138,0.006702947779558599,0.2,98.48866071428571,98.52933035714287,98.94870535714287,13.0034375,2.423035714285714,0.08884754351207189,10.39641733254705,0.006279336935323146,0.007711569196544588,0.005324514699168503,98.58361111111111,98.46166666666667,98.85916666666667,22.12638888888889,3.6855555555555553,0.04583158095677694,2.8060082859463167
73,0.007359750088653527,0.008995628799311817,0.0062691636849194765,0.2,98.67044642857142,98.75196428571431,98.98937500000001,13.470267857142858,2.320982142857143,0.08488626565252032,10.396928859608515,0.007838299594974766,0.009221863700076938,0.006915923266205937,98.3613888888889,98.30055555555556,98.57749999999999,14.049722222222222,2.8552777777777782,0.04617261224322849,2.8064088821411133
74,0.005076367107124368,0.00556658417917788,0.004749556188471615,0.2,99.0379017857143,98.99624999999997,99.13357142857141,11.024464285714286,1.9685267857142859,0.08730602583714894,10.3973220373903,0.006141089109910859,0.006956621306017041,0.005597400653641671,98.71194444444444,98.78694444444444,98.80416666666667,14.38527777777778,2.611944444444444,0.046167214711507164,2.8063679536183677
75,0.007280655764978812,0.009234937722794712,0.005977801512926817,0.2,98.65,98.64491071428571,99.13495535714284,11.752455357142857,2.1590625,0.08986662860427584,10.396951168775558,0.00806647975049499,0.008492660243064165,0.00778235902544111,98.36972222222222,98.23638888888891,98.69972222222222,18.903888888888886,3.449166666666667,0.04630293448766073,2.806522660785251
76,0.006564150421451944,0.007792522665113211,0.005745235423091799,0.2,98.79888392857146,98.86017857142858,99.02062500000004,13.481517857142858,2.2856696428571435,0.08965056602443967,10.397089736802238,0.005550027265498,0.006828166893683374,0.004697934084106237,98.79,98.60138888888888,99.15416666666667,13.044444444444446,2.7586111111111107,0.04610244433085124,2.8062120543585882
77,0.006507004582610014,0.008276939042843878,0.005327048420440406,0.2,98.82044642857144,98.86330357142857,99.13812499999999,11.352098214285716,2.025892857142857,0.08589961699077062,10.39734073621886,0.005734508038989993,0.0068493259605020285,0.0049912960967049,98.75277777777778,98.63361111111111,99.05083333333332,16.608333333333334,2.8897222222222227,0.04596910211775038,2.806282016966078
78,0.005357449498010932,0.00697161431889981,0.004281340807210654,0.2,99.02232142857144,99.06214285714286,99.22026785714284,10.636071428571428,1.847321428571429,0.08576897851058415,10.396434230463846,0.005762651924871736,0.006858541280962527,0.005032058979850262,98.74000000000001,98.50999999999999,99.12888888888888,15.821111111111112,2.7024999999999997,0.045768207973904074,2.80587715572781
79,0.007518821204679884,0.009651174768805504,0.006097252480685711,0.2,98.6555803571429,98.7003125,99.11138392857141,11.571339285714284,1.8899107142857146,0.08730309775897435,10.396391038383756,0.005732538366121137,0.006954060052521527,0.0049181904760189354,98.73916666666668,98.72055555555556,98.93722222222222,13.59111111111111,2.6558333333333333,0.04607228438059489,2.8059280448489714
80,0.004906725026168195,0.006555184372700751,0.0038077522185631096,0.2,99.11294642857143,99.14611607142857,99.31263392857143,8.364910714285713,1.510625,0.08435479657990592,10.396454926048007,0.005488763411348272,0.0067186158848926425,0.004668861743994057,98.79944444444445,98.78083333333332,99.00361111111113,11.745555555555557,2.48,0.047323498460981585,2.8059777948591442
81,0.005380588422537714,0.006805260432884097,0.004430807137396187,0.2,99.0188392857143,99.04651785714287,99.23821428571428,9.469866071428573,1.694375,0.08750350666897638,10.39687479393823,0.005559423113785063,0.006793954875320196,0.004736401664558798,98.78833333333333,98.80000000000001,98.98388888888888,12.593333333333334,2.3363888888888886,0.04659660657246907,2.806186940934923
82,0.005403920580907392,0.006538227549754083,0.004647716355975717,0.2,98.97473214285716,98.97700892857145,99.19767857142858,11.5828125,2.062633928571429,0.08549237144844873,10.396429870809829,0.006011609686538577,0.007144442992284894,0.005256387405097485,98.68805555555555,98.67388888888888,98.85194444444443,14.76,2.9108333333333336,0.04671904775831435,2.8069661193423796
83,0.004810577750634236,0.006008002092130482,0.004012294753920287,0.2,99.08808035714286,99.0691517857143,99.24763392857142,9.911116071428571,1.8673660714285714,0.08593274333647319,10.396449808563505,0.005516406054893095,0.006735628587193787,0.0047035907045938075,98.78583333333333,98.73444444444445,98.99583333333332,13.503333333333334,2.574444444444444,0.047637754016452365,2.8065028190612793
84,0.006147613257261193,0.008177393232472241,0.004794426844455302,0.2,98.88589285714285,98.93848214285714,99.22035714285713,10.369508928571427,1.7667857142857142,0.08376862428018025,10.39654376251357,0.006059716184002658,0.007091442705132067,0.005371898238081485,98.68805555555555,98.41555555555556,99.12027777777779,15.8475,2.763611111111111,0.04712983634736803,2.8065275881025524
85,0.005858633864201173,0.007864777697250247,0.004521204857155681,0.2,98.95151785714283,98.95571428571428,99.29852678571429,9.204241071428571,1.6171428571428572,0.08216090500354767,10.396961948701314,0.005374418102696331,0.006405996740795672,0.00468669889960438,98.84444444444445,98.84777777777778,98.96888888888888,11.579166666666667,2.309166666666666,0.04624254173702664,2.806984504063924
86,0.004841449401802882,0.006466834107413888,0.0037578591727651656,0.2,99.11897321428572,99.12776785714286,99.35441964285712,6.774374999999999,1.303080357142857,0.082192063331604,10.397077500820162,0.005962511071831815,0.006923955981619656,0.005321547796484083,98.74055555555556,98.57444444444445,99.06722222222224,15.240833333333333,3.0186111111111114,0.04609384801652697,2.806261592441135
87,0.005763515447532492,0.007373346132226288,0.0046902960748411715,0.2,98.9817857142857,99.04160714285716,99.25330357142857,9.164732142857142,1.678125,0.08775136832680021,10.397000444786888,0.00596534978507811,0.006878450978547335,0.0053566155838780105,98.72972222222222,98.61972222222224,98.98666666666666,18.320555555555558,2.990277777777777,0.04623117049535115,2.8062107033199735
88,0.005791385628981516,0.007392619154416025,0.004723896912764758,0.2,98.90946428571428,98.89763392857148,99.1903125,10.846205357142859,1.881607142857143,0.0863018844808851,10.396972566843033,0.005598190618911758,0.006777607020922005,0.004811912949662656,98.77111111111111,98.59277777777778,99.11527777777779,17.2975,2.7038888888888892,0.046858754422929555,2.8061124218834768
89,0.005267434022243833,0.0068094623275101185,0.00423941487679258,0.2,99.0401785714286,99.11008928571428,99.21406250000001,8.90964285714286,1.5358928571428567,0.08995028478758677,10.397186730589185,0.005849055958808296,0.006831606733612716,0.005194021854549646,98.72333333333331,98.64027777777778,98.96388888888889,16.03944444444444,2.881944444444444,0.04593295521206326,2.806077559789022
90,0.005329007099914763,0.007224301574751735,0.004065477289259434,0.2,99.00638392857144,98.98031249999998,99.33415178571431,9.739241071428573,1.7934375,0.08544967536415372,10.396711387804576,0.005627489923628875,0.0068862795596942306,0.004788296879269183,98.7461111111111,98.63277777777776,98.99138888888889,22.185277777777777,3.1861111111111113,0.04601791832182142,2.806225617726644
91,0.0047756454046715855,0.005905563593842089,0.004022366600111127,0.2,99.1171875,99.18888392857144,99.17477678571431,9.371875,1.6575892857142858,0.08219951497656958,10.3970930150577,0.005341330158343125,0.0066176383988931775,0.004490458115469664,98.82388888888889,98.71861111111113,99.08749999999999,12.04361111111111,2.256666666666667,0.046586970488230385,2.806017478307088
92,0.006567860621934026,0.008961689425632358,0.004971974587533623,0.2,98.82428571428574,98.8395982142857,99.2786607142857,9.638482142857145,1.6895089285714286,0.08343638479709625,10.39675258738654,0.005956771353440773,0.007172091049142182,0.005146557814441621,98.70055555555555,98.56361111111111,99.02194444444444,18.699444444444445,3.0952777777777776,0.0467946728070577,2.805870427025689
93,0.00437715137273439,0.006009612872730941,0.0032888437272049487,0.2,99.22236607142858,99.23218749999998,99.44147321428571,6.988214285714285,1.2923214285714288,0.08852863311767578,10.39653940285955,0.00523981653774778,0.006518650101497769,0.004387261054944247,98.84388888888888,98.72333333333334,99.13916666666667,11.430277777777778,2.320277777777778,0.047379387749565974,2.8063557677798796
94,0.003931965295383374,0.004408684326335788,0.003614152839872986,0.2,99.27946428571428,99.31816964285716,99.25785714285715,9.25589285714286,1.5960714285714288,0.08931813601936613,10.39685897741999,0.005041100359651157,0.006319682579487562,0.004188712278846651,98.87833333333333,98.7775,99.08555555555556,12.893055555555554,2.224444444444444,0.04769418636957804,2.8062506251864967
95,0.0051382787938304576,0.00669749709777534,0.004098800651263446,0.2,99.04901785714286,99.01473214285713,99.34892857142859,8.444910714285715,1.503482142857143,0.08711571672133037,10.396849717412676,0.005050349780099674,0.00628399895504117,0.004227916768286377,98.89999999999999,98.80083333333333,99.15222222222222,11.862777777777778,2.503888888888889,0.046773923767937556,2.806066221661038
96,0.004865695876755385,0.006647375761531293,0.0036779091460630298,0.2,99.11678571428573,99.13674107142859,99.33017857142856,9.877767857142858,1.613080357142857,0.08339614634002956,10.39670490367072,0.0054250793117615916,0.006663695094175637,0.004599335487000644,98.83055555555555,98.67138888888887,99.17833333333333,13.971666666666664,2.825277777777778,0.046913623809814446,2.8062358167436385
97,0.005653675029731988,0.007564591942355037,0.0043797308462671936,0.2,98.91504464285714,98.90602678571426,99.27553571428574,9.714955357142859,1.8001785714285716,0.08597241661378316,10.396685770579747,0.005545049485388315,0.006504955585114658,0.00490511191310361,98.83194444444445,98.86111111111111,98.92888888888889,13.0975,2.706111111111111,0.046539922555287674,2.8064008024003773
98,0.003912645182156537,0.0047932202578522265,0.003325595462229103,0.2,99.22928571428574,99.22812500000002,99.29651785714285,10.549598214285714,1.8921428571428573,0.08482500059264048,10.397098217691696,0.005320814289411323,0.0064356650691479445,0.004577580199111253,98.85166666666666,98.85027777777778,99.00527777777776,13.452777777777778,2.448333333333333,0.04689953062269423,2.8064008024003773
99,0.006102683898851475,0.008523812983185053,0.004488598962780088,0.2,98.93066964285714,98.93843749999999,99.3773214285714,8.488839285714285,1.4816517857142857,0.08514178757156644,10.396757083279747,0.005203900192605538,0.00636496813967824,0.004429854918271303,98.86805555555554,98.74166666666667,99.16944444444444,11.667222222222222,2.2783333333333333,0.04692747857835558,2.8064801692962646
100,0.0048114116736022484,0.006302742986008525,0.003817190823610872,0.2,99.14477678571431,99.19191964285714,99.33508928571429,7.672723214285714,1.4102678571428573,0.08502408649240221,10.397151312657765,0.005210068755938361,0.006372826406732202,0.004434896924067289,98.87861111111111,98.7511111111111,99.19583333333333,13.383888888888889,2.6066666666666665,0.046351618236965604,2.8059992260403104
101,0.003978585869585264,0.0051196933491155505,0.0032178476685658097,0.2,99.27098214285715,99.28348214285714,99.38522321428573,6.656741071428572,1.3191517857142858,0.08225446513720922,10.397367647715978,0.004903881021568345,0.006138909608125687,0.004080528451595455,98.93166666666666,98.9025,99.12611111111111,11.830833333333333,2.350833333333334,0.04671504762437608,2.8063485622406006
102,0.004953578552106462,0.006767979997675866,0.0037439781008288264,0.2,99.07227678571428,99.0922767857143,99.38428571428571,7.924910714285715,1.4421428571428574,0.08785235562494824,10.396341898611613,0.0059492377881219406,0.007093300810083747,0.0051865288987755775,98.72999999999999,98.53916666666667,99.12000000000002,14.42,2.858055555555556,0.04677610927157932,2.8062046104007297
103,0.004792056200260828,0.006382095394656062,0.00373203051276505,0.2,99.14174107142857,99.15482142857142,99.36799107142855,7.789955357142856,1.3708035714285716,0.08491741652999606,10.396672930036273,0.005132813666326304,0.006299081025645137,0.004355302138719708,98.88444444444444,98.85277777777779,99.08222222222221,10.688611111111111,2.233888888888889,0.046545346577962235,2.8064868979983855
104,0.0040144240093858185,0.005160250992048532,0.0032505394192412496,0.2,99.27294642857143,99.29522321428573,99.36915178571428,8.160580357142857,1.3936160714285715,0.08552637270518712,10.39730771950313,0.004912652314588841,0.006126385647803545,0.00410349655430764,98.92611111111111,98.89388888888888,99.12055555555554,10.339999999999998,2.165277777777778,0.04770566357506646,2.8062391810947
105,0.0043109140512699795,0.0060980686685070395,0.0031194777111522853,0.2,99.20683035714286,99.20973214285715,99.45227678571428,6.379017857142858,1.2157589285714283,0.08397527039051056,10.39731971706663,0.005111160335622521,0.006304528214968741,0.004315581580158323,98.8911111111111,98.7375,99.2225,11.693055555555555,2.3675,0.04673133956061469,2.8062120543585882
106,0.003893549418925042,0.005170450487639755,0.0030422821291722357,0.2,99.27852678571429,99.31348214285714,99.36745535714286,7.0279017857142865,1.2983035714285713,0.08469732957226889,10.396953135728836,0.0050902332166313305,0.006268914556130767,0.004304445581510663,98.88305555555556,98.76138888888889,99.185,10.78,2.373611111111111,0.046952234374152295,2.806559536192152
107,0.005676195784742179,0.008328502357471734,0.003907991689629853,0.2,98.98486607142858,98.9992410714286,99.42294642857142,5.4575892857142865,1.0367410714285712,0.08357170224189758,10.396644575255259,0.005045359178135792,0.006144293118268251,0.004312736447900534,98.90833333333332,98.90027777777777,99.09611111111111,9.658055555555555,1.993611111111111,0.04617534743414985,2.806433306799995
108,0.00675650313834402,0.009516012389212847,0.004916830628644675,0.2,98.82718750000001,98.88736607142854,99.34388392857144,7.275892857142857,1.3074553571428569,0.08472982581172671,10.396955128226962,0.005001258800297769,0.006130603956989944,0.004248361801728606,98.91527777777777,98.81055555555555,99.20805555555555,12.213055555555554,2.3691666666666666,0.04624243577321371,2.806557973225911
109,0.005588070143858204,0.00811111310031265,0.0039060417329892516,0.2,99.01415178571428,99.01580357142858,99.46660714285716,7.640491071428572,1.2120982142857142,0.08355577396495001,10.39729028088706,0.004967850914302593,0.006183381890878081,0.004157496790867299,98.91499999999999,98.7588888888889,99.24472222222222,9.985,2.0908333333333333,0.046617620521121554,2.805993715922038
110,0.0050055465962941526,0.007133472478017211,0.0035869296989403665,0.2,99.11535714285715,99.13495535714287,99.4361607142857,6.464241071428573,1.1104017857142856,0.0817037277988025,10.39648032614163,0.005072562415282138,0.006247371551580727,0.004289356234949082,98.89138888888888,98.8236111111111,99.1361111111111,10.575833333333332,2.243333333333333,0.04603095849355062,2.806028683980306
111,0.0048797145136632025,0.006917440507095307,0.0035212307702749968,0.2,99.14299107142857,99.17366071428573,99.45294642857144,5.463258928571428,0.9971428571428573,0.0839582628437451,10.396754562854767,0.004881988719312681,0.006053431541658938,0.004101026395801455,98.92333333333332,98.83666666666667,99.16666666666666,11.466111111111111,2.2555555555555555,0.04615437322192722,2.80607885784573
112,0.004501259908075943,0.006374732183758169,0.003252278082072735,0.2,99.18276785714286,99.19776785714285,99.46937500000001,5.288437500000001,1.03125,0.08386276130165372,10.397335865667888,0.005068844594966827,0.006161389872431755,0.00434048124589026,98.91027777777778,98.84861111111111,99.16916666666667,11.261111111111111,2.290277777777778,0.046026276217566595,2.805990351570977
113,0.005716985022445442,0.008249543025158346,0.004028612864203751,0.2,98.97745535714286,98.96959821428571,99.4410267857143,8.751517857142856,1.4976785714285714,0.08576895828757967,10.396774240902491,0.005215044941804889,0.006348667200654745,0.004459296469576657,98.8725,98.79083333333332,99.14833333333333,12.408888888888889,2.3794444444444447,0.046503053771124944,2.806065003077189
114,0.0038364725395305345,0.005079049384221435,0.0030080879223532975,0.2,99.30549107142855,99.31200892857144,99.41785714285714,6.321919642857143,1.2976785714285717,0.08177645930222102,10.396665790251323,0.005101856271115442,0.006235958077013493,0.004345788503997028,98.87333333333333,98.70750000000001,99.20555555555556,12.211388888888887,2.2649999999999997,0.04716248644722832,2.806156449847751
115,0.005065277383047422,0.007148248667363077,0.0036766299162991345,0.2,99.09607142857143,99.1225892857143,99.41133928571429,7.186339285714286,1.305625,0.08328740192311151,10.397320798465184,0.005323584647461152,0.006454313988797367,0.004569765296764672,98.83083333333335,98.57555555555557,99.28416666666666,13.73,2.4227777777777777,0.046328074402279325,2.8062303331163196
116,0.0028345718138942694,0.0037245748681016266,0.002241236623376608,0.2,99.46236607142856,99.46339285714285,99.47040178571427,5.803214285714286,1.0648660714285714,0.08342021171535764,10.39706033042499,0.005051493641480597,0.006263729650527239,0.004243336035870016,98.9036111111111,98.715,99.28416666666666,11.325277777777778,2.37,0.04605795939763387,2.8061868879530163
117,0.004237132250896788,0.005868307780474424,0.0031496820447500795,0.2,99.24892857142856,99.25053571428572,99.47495535714285,6.874330357142858,1.2438839285714285,0.08411850993122372,10.396539619990758,0.004958367887108277,0.006162166246213019,0.004155835369601846,98.92055555555555,98.7961111111111,99.21749999999999,11.248611111111112,2.2577777777777777,0.04587286710739136,2.8060971895853677
118,0.0036277623647557843,0.004799097485374659,0.0028468723758123815,0.2,99.3419642857143,99.40124999999999,99.40308035714285,4.729955357142858,0.9216517857142859,0.0853935501405171,10.39675640634128,0.004894728031811408,0.005978723871521652,0.004172063956502825,98.93305555555554,98.91972222222223,99.08083333333333,10.502777777777776,2.065277777777778,0.04603288571039836,2.806244293848674
119,0.005032720262533985,0.0073009820189327,0.0035205461317673326,0.2,99.08424107142855,99.07084821428569,99.44544642857143,7.039241071428571,1.2684821428571427,0.08361850466047015,10.397434690168927,0.005002078393267261,0.006140401121228933,0.004243196628522128,98.90444444444444,98.85388888888889,99.09666666666666,11.794444444444444,2.1766666666666667,0.04589731163448758,2.8061767948998346
120,0.0036051023967697154,0.005028600979130715,0.0026561036938801408,0.2,99.31517857142859,99.32111607142856,99.4325,6.698169642857144,1.1841517857142856,0.08466191589832306,10.396207290036338,0.004916148143820465,0.006077746977098286,0.0041417485335841775,98.93055555555554,98.84583333333333,99.17555555555556,11.733888888888888,2.381944444444444,0.04584541585710313,2.805870427025689
121,0.0037222339752978383,0.005204210756346583,0.002734249283093959,0.2,99.28696428571429,99.29276785714288,99.40392857142858,6.654642857142857,1.2077678571428572,0.08302424422332219,10.3970836188112,0.004974302308659794,0.006143188802525401,0.004195044457446784,98.90499999999999,98.75972222222224,99.20194444444445,10.613611111111108,2.1922222222222225,0.04805829127629599,2.8061385419633655
